"state","grand_total_t_10m2","building_dcmix_lr","building_dcmix_mr","building_high","building_irh","building_light","building_sdr_lr","building_sdr_mr","building_sky","building","other_airport","other_parking","other_remaining_impervious","other","rail_bridge","rail_other","rail_railway","rail_subway_elevated","rail_subway_surface","rail_subway","rail","rail_tram","rail_tunnel","street_bridge_motorway","street_bridge_other","street_cycleway","street_footway","street_gravel","street_living_street","street_motorway_elevated","street_motorway_link","street_motorway","street_other_elevated","street_other","street_pedestrian","street_primary_link","street_primary","street_residential","street_secondary_link","street_secondary","street_tertiary_link","street_tertiary","street","street_trunk_link","street_trunk","street_tunnel"
"IE_IE",2436504985.73328,8116581.31356812,32107225.638588,10188362.948452,71143337.4964828,40892073.6994896,295027045.510254,140437679.824448,1291.1240234375,597914095.907776,5921496.09912109,37790438.9243164,513350265.938507,557061923.891632,1635022.32635498,4501116.86651611,8890782.40509033,0,0,0,15919735.3711548,311091.06137085,581732.592834473,3836353.1875,12129588.6393433,1125111.28134155,3116956.77978516,30782378.2592773,45524.5178833008,438607.654785156,5565948.94824219,71589312.0115967,937494.51899147,556015811.54541,368960.67225647,53393.757232666,84913687.3007812,101669989.49585,347062.993118286,149692069.145508,441703.505523682,169595381.188873,1265609780.71875,2681459.93615723,68224427.171875,2039033.69003296
"IE_NO",813073195.976562,4223340.82806396,13735661.2080078,2329723.63067627,24346683.5601196,13934278.5238037,116115294.904297,66398701.0158691,26000.23046875,241109732.993164,2456540.5859375,13886081.2873535,192347419.438477,208690064.610352,363529.181427002,136726.630905151,1671322.76306152,0,0,0,2367943.11584473,0,196364.898193359,823912.5390625,3913461.49478149,330655.834838867,816798.164569855,5883614.41748047,165419.779144287,94571.93359375,963161.869140625,8589599.0322876,302470.837982178,154745467.421875,109043.990310669,97932.5186157227,36328062.2150879,41487240.1484375,68002.7364501953,32404159.7193604,67239.2012634277,27535398.6640625,360905706.103516,1098593.37084961,44824402.7734375,256304.124069214
